customer_id,total_spent,purchase_count,avg_session_time,last_purchase_date
1,332.27,12,111.72,2024-08-11
2,93.36,13,95.64,2023-10-08
3,270.84,19,58.2,2024-03-25
4,130.84,18,20.52,2024-05-26
5,405.97,10,90.39,2024-01-08
6,161.23,8,83.0,2023-11-04
7,434.67,8,101.64,2024-01-01
8,224.66,19,37.84,2024-05-18
9,233.56,13,13.76,2023-12-12
10,192.0,5,30.85,2024-06-12
11,89.21,8,61.43,2024-01-16
12,190.65,15,106.87,2024-07-04
13,440.42,4,104.4,2024-03-08
14,164.7,18,102.31,2024-02-22
15,105.28,2,119.81,2024-07-17
16,95.25,17,89.17,2024-05-11
17,313.55,18,69.62,2024-07-12
18,474.1,19,21.38,2024-06-21
19,475.12,1,76.0,2024-04-26
20,297.69,16,29.8,2024-01-21
21,237.38,17,30.29,2023-09-28
22,238.2,5,22.84,2024-02-23
23,399.26,3,24.62,2024-08-17
24,337.08,8,15.11,2024-04-07
25,112.29,3,35.55,2023-11-03
26,475.42,14,22.63,2023-12-01
27,339.0,18,48.72,2024-09-14
28,266.59,8,36.57,2024-08-02
29,146.84,3,109.57,2024-05-14
30,226.39,14,54.43,2024-03-15
31,373.23,9,29.08,2023-10-16
32,387.36,16,62.8,2024-05-12
33,229.96,2,117.92,2024-05-15
34,137.41,3,20.18,2023-10-11
35,477.07,13,103.64,2024-08-14
36,122.96,1,24.7,2024-06-21
37,436.4,2,17.6,2024-01-05
38,336.82,11,53.3,2024-08-25
39,130.16,8,101.83,2024-06-01
40,186.7,10,88.73,2024-08-07
41,305.81,12,80.67,2024-07-22
42,216.04,5,109.35,2024-08-15
43,449.73,17,110.59,2024-03-12
44,445.31,4,60.91,2023-12-29
45,403.36,13,82.45,2023-12-28
46,409.57,16,59.19,2024-02-03
47,66.74,12,16.5,2023-12-30
48,139.99,11,108.79,2023-10-09
49,394.71,11,76.15,2024-02-10
50,63.79,6,13.55,2024-07-06
51,442.65,4,20.51,2024-07-21
52,186.29,16,71.06,2024-04-19
53,216.98,11,68.91,2024-06-04
54,488.07,15,41.23,2023-12-06
55,134.57,1,15.03,2023-12-03
56,406.88,2,119.66,2024-02-17
57,262.61,12,14.13,2024-06-01
58,253.38,6,38.1,2023-12-03
59,493.48,2,93.4,2024-09-10
60,461.18,18,23.23,2024-01-30
61,494.86,9,14.69,2023-12-30
62,446.32,15,108.64,2024-09-13
63,253.74,19,12.4,2024-05-06
64,364.87,16,32.56,2024-09-09
65,185.04,12,48.52,2024-02-24
66,310.82,11,45.7,2023-10-21
67,482.05,3,43.56,2023-11-22
68,131.44,13,67.97,2024-05-04
69,396.11,7,94.12,2023-12-26
70,394.02,18,104.5,2024-06-23
71,492.93,14,13.72,2024-07-20
72,285.65,8,103.4,2023-12-25
73,447.12,4,33.62,2024-01-03
74,482.48,3,35.37,2023-09-19
75,124.0,6,109.64,2024-06-25
76,375.3,16,78.15,2023-11-10
77,124.36,1,111.59,2024-01-31
78,436.05,19,119.16,2024-01-30
79,260.23,6,56.26,2024-03-03
80,116.37,19,108.98,2023-12-18
81,175.05,14,43.96,2023-12-13
82,304.52,3,93.17,2024-01-05
83,135.9,2,47.37,2024-03-25
84,218.07,14,119.26,2024-02-16
85,472.72,15,61.1,2023-10-13
86,112.83,11,90.34,2023-12-19
87,306.63,14,70.8,2024-02-10
88,96.38,14,34.2,2024-06-27
89,473.9,12,42.53,2023-11-07
90,190.56,18,64.4,2024-05-19
91,254.58,18,98.77,2024-03-15
92,252.74,4,29.56,2024-08-20
93,438.29,15,86.72,2024-01-25
94,254.95,6,35.18,2023-11-05
95,218.74,1,44.34,2024-03-24
96,85.81,4,37.87,2023-11-02
97,311.39,8,108.79,2024-07-12
98,462.73,13,115.24,2023-10-05
99,63.38,12,12.29,2024-03-07
100,314.23,10,75.91,2023-09-22
101,408.29,15,35.67,2023-10-29
102,446.78,7,101.25,2024-02-12
103,118.13,5,82.0,2024-09-03
104,331.8,16,87.29,2024-05-11
105,234.81,2,59.59,2024-06-22
106,143.87,17,40.07,2024-07-08
107,228.2,2,98.01,2023-12-27
108,250.72,2,30.02,2024-07-07
109,165.68,17,17.34,2023-12-02
110,269.29,4,56.17,2024-05-01
111,482.62,12,54.89,2024-05-13
112,149.83,6,74.4,2024-04-04
113,419.68,1,71.72,2024-07-13
114,402.66,17,37.59,2024-05-19
115,469.13,6,17.89,2024-07-01
116,367.85,1,20.63,2024-02-07
117,212.38,7,50.98,2023-11-22
118,486.28,18,37.03,2024-01-29
119,340.33,16,65.14,2024-09-09
120,493.03,11,102.91,2023-11-20
121,357.98,3,70.84,2023-10-10
122,280.26,17,116.68,2023-11-15
123,399.08,3,18.89,2024-08-20
124,218.99,14,96.87,2024-01-22
125,397.09,2,16.32,2024-03-14
126,440.18,12,119.6,2024-04-28
127,460.19,17,90.09,2024-09-07
128,401.54,15,20.13,2024-04-14
129,162.74,2,12.14,2024-04-09
130,232.53,3,87.38,2024-05-17
131,214.25,18,100.72,2023-11-10
132,368.21,8,29.93,2024-07-09
133,376.13,7,50.84,2023-12-24
134,455.16,1,103.94,2024-08-24
135,487.67,4,113.59,2023-12-11
136,335.85,5,72.1,2024-08-16
137,341.42,5,114.31,2023-10-05
138,278.66,17,75.82,2024-06-14
139,328.82,8,83.04,2023-11-19
140,425.59,7,42.26,2023-11-04
141,104.51,4,36.95,2023-11-08
142,499.41,10,80.08,2024-01-20
143,221.76,4,115.54,2023-12-12
144,292.3,5,36.43,2023-11-01
145,201.07,18,53.89,2023-10-11
146,482.02,2,11.71,2024-01-24
147,420.73,18,50.21,2023-12-31
148,324.78,13,13.95,2024-08-08
149,225.52,8,32.81,2024-07-22
150,394.57,18,113.42,2023-11-08
151,102.59,11,25.11,2024-01-11
152,83.89,11,80.56,2024-08-28
153,345.63,16,85.93,2023-11-25
154,437.56,17,43.31,2024-05-01
155,117.61,9,67.95,2024-03-21
156,113.82,15,104.87,2024-01-08
157,215.99,7,88.07,2023-12-18
158,58.97,17,71.59,2023-11-10
159,109.36,4,103.41,2023-10-26
160,196.88,16,27.44,2024-02-13
161,103.92,7,20.49,2024-01-07
162,95.47,14,105.66,2024-05-31
163,370.85,12,43.11,2024-03-05
164,169.0,19,104.97,2023-10-06
165,140.58,3,98.97,2024-04-11
166,288.13,16,101.17,2024-08-22
167,346.71,7,114.66,2024-08-21
168,197.09,11,55.01,2023-11-20
169,107.45,3,119.97,2024-06-29
170,338.97,15,43.47,2024-03-23
171,150.87,15,46.51,2024-05-06
172,369.34,15,92.22,2024-04-06
173,111.85,1,30.11,2023-10-18
174,368.95,1,86.52,2024-06-09
175,118.27,5,102.35,2024-01-22
176,407.59,13,43.05,2024-08-23
177,162.08,19,44.72,2023-11-14
178,207.86,18,80.02,2024-03-04
179,162.49,2,45.37,2024-07-24
180,419.3,18,100.24,2024-05-04
181,346.28,18,23.51,2024-04-19
182,443.95,11,13.53,2023-12-08
183,156.83,1,93.22,2024-04-03
184,58.08,5,109.42,2024-02-28
185,70.91,6,56.19,2024-07-26
186,487.88,8,112.63,2024-05-20
187,177.81,2,18.95,2023-09-24
188,277.81,7,106.16,2023-11-05
189,455.44,17,23.63,2023-10-15
190,116.81,7,35.91,2023-09-19
191,139.73,1,19.16,2023-11-10
192,206.07,6,43.96,2023-12-25
193,491.82,9,40.0,2023-09-17
194,431.75,1,11.08,2024-03-16
195,172.3,19,38.12,2024-06-21
196,173.76,2,26.08,2024-07-14
197,161.46,7,89.53,2024-06-25
198,473.73,19,27.0,2024-09-07
199,174.73,3,97.62,2024-04-22
200,386.81,7,85.74,2023-10-18
201,225.43,7,13.9,2023-09-24
202,191.77,8,30.09,2023-11-23
203,294.32,15,47.65,2024-02-16
204,224.65,4,74.6,2024-02-24
205,193.33,9,30.81,2023-11-16
206,485.93,5,103.82,2024-03-25
207,84.7,3,84.26,2024-06-27
208,221.05,10,57.87,2024-02-24
209,396.84,5,57.41,2024-04-16
210,460.13,18,117.76,2024-08-10
211,329.28,17,19.84,2024-04-12
212,344.46,17,76.86,2023-12-25
213,198.7,19,84.46,2023-11-16
214,474.44,14,33.86,2024-06-18
215,171.25,15,68.66,2023-11-01
216,360.26,8,10.58,2024-05-12
217,109.69,6,62.78,2024-07-07
218,332.35,8,23.65,2024-07-12
219,458.91,18,90.69,2024-01-31
220,95.64,15,108.73,2024-07-25
221,237.74,18,99.74,2023-10-19
222,492.85,12,73.53,2024-01-28
223,298.81,14,72.35,2024-09-10
224,67.87,17,81.56,2024-02-27
225,253.63,6,62.04,2024-04-22
226,432.07,12,41.93,2024-03-11
227,211.86,6,75.72,2023-11-10
228,433.76,9,92.44,2024-02-01
229,137.95,12,82.23,2023-11-07
230,92.81,11,88.67,2024-01-12
231,376.54,13,96.12,2023-12-25
232,162.7,3,37.17,2023-11-29
233,480.69,1,63.75,2024-03-02
234,325.73,6,44.49,2024-02-03
235,163.13,16,85.33,2024-06-09
236,155.91,15,86.07,2024-07-01
237,85.21,6,110.62,2024-08-19
238,446.53,15,62.83,2024-07-05
239,473.89,4,107.51,2023-12-18
240,177.58,17,106.44,2024-05-08
241,229.95,3,100.76,2024-08-14
242,455.32,1,70.52,2024-04-02
243,244.92,1,112.49,2024-05-16
244,223.59,4,97.61,2024-02-24
245,205.79,15,107.53,2024-03-06
246,66.73,2,113.61,2023-11-24
247,373.79,4,96.55,2024-01-08
248,234.86,10,45.1,2024-08-25
249,377.27,2,96.13,2023-09-18
250,377.21,16,99.7,2024-05-18
251,210.39,12,78.98,2024-04-09
252,187.61,7,58.57,2024-03-14
253,292.35,19,42.21,2024-01-01
254,492.79,1,106.15,2024-01-21
255,490.16,1,64.05,2024-05-03
256,460.38,6,20.11,2023-09-26
257,108.16,7,29.66,2024-04-11
258,142.97,18,68.42,2024-04-07
259,313.85,9,118.27,2024-02-17
260,465.86,12,109.43,2024-02-26
261,389.17,12,22.12,2024-04-22
262,443.98,18,50.01,2023-11-04
263,241.0,16,57.83,2024-01-20
264,198.81,7,103.95,2023-11-13
265,254.34,8,56.65,2024-08-13
266,234.97,11,81.74,2023-11-14
267,185.77,8,31.57,2023-11-18
268,89.57,5,87.98,2024-01-12
269,379.8,13,76.96,2024-07-29
270,182.75,7,79.32,2024-06-07
271,399.28,3,82.59,2023-11-08
272,259.62,3,46.39,2024-03-27
273,459.42,8,32.87,2024-08-06
274,122.34,19,15.21,2023-10-06
275,124.82,12,60.2,2023-12-28
276,192.41,7,69.57,2024-01-06
277,116.26,19,34.97,2023-11-23
278,245.76,14,86.12,2024-05-30
279,147.98,18,76.79,2024-08-30
280,67.95,10,91.99,2024-08-31
281,201.76,15,30.58,2024-05-26
282,185.39,16,116.86,2023-10-01
283,475.16,4,89.44,2024-09-08
284,219.71,13,107.5,2024-04-03
285,101.46,15,107.48,2024-05-13
286,460.17,17,21.81,2023-12-28
287,488.73,5,30.58,2024-03-13
288,390.19,1,60.54,2024-09-05
289,56.58,1,24.37,2024-03-28
290,101.54,13,86.76,2024-04-06
291,386.21,7,43.71,2024-06-16
292,57.68,14,27.21,2024-07-13
293,492.44,16,22.93,2023-10-27
294,348.81,8,67.24,2024-05-10
295,386.79,16,101.52,2024-02-07
296,200.71,4,69.63,2024-03-02
297,376.72,1,20.32,2024-05-08
298,142.52,16,64.11,2024-01-13
299,113.21,15,71.0,2024-03-12
300,378.97,7,51.77,2024-01-14
301,440.04,7,76.74,2024-07-08
302,91.54,16,38.89,2024-01-18
303,93.18,16,11.49,2024-05-26
304,427.72,16,10.05,2023-12-05
305,253.87,15,70.65,2024-02-15
306,210.88,7,38.84,2024-04-02
307,182.09,15,50.79,2023-12-12
308,267.25,1,59.06,2023-09-21
309,116.84,3,31.65,2024-06-14
310,227.99,9,114.06,2023-12-05
311,50.56,13,21.58,2024-02-22
312,241.63,10,118.44,2024-03-25
313,404.5,10,111.27,2024-04-03
314,247.13,5,50.73,2024-02-15
315,173.89,9,88.7,2024-09-04
316,447.8,4,27.41,2024-04-14
317,438.7,6,112.53,2023-10-09
318,346.82,9,83.63,2023-11-16
319,250.46,6,56.88,2024-04-10
320,312.07,10,36.34,2023-10-22
321,415.44,11,48.92,2024-04-19
322,56.47,8,112.64,2023-12-01
323,484.33,18,113.36,2024-01-03
324,355.91,14,45.21,2023-10-13
325,147.95,14,83.18,2024-05-10
326,447.64,7,91.22,2024-02-27
327,259.9,7,15.66,2024-01-21
328,433.11,5,45.67,2023-11-19
329,271.41,12,76.26,2023-11-21
330,404.8,4,65.96,2024-01-25
331,266.98,5,46.78,2024-07-12
332,476.71,5,50.87,2024-08-26
333,486.2,16,14.09,2024-03-09
334,95.2,19,38.47,2024-04-08
335,346.58,14,93.87,2023-11-13
336,169.64,3,87.75,2024-06-26
337,469.2,16,27.64,2023-10-23
338,263.2,16,19.75,2024-08-07
339,88.53,8,45.64,2024-06-23
340,222.18,19,59.88,2023-11-28
341,255.95,15,72.86,2024-02-19
342,474.34,16,37.41,2024-05-10
343,307.37,11,105.59,2024-07-01
344,219.54,17,85.7,2024-02-05
345,263.01,11,94.52,2024-08-24
346,127.15,13,22.01,2023-09-25
347,53.67,1,16.09,2024-07-11
348,70.68,11,78.42,2024-08-29
349,107.6,2,113.42,2024-04-18
350,143.54,19,68.91,2023-12-02
351,444.69,4,74.1,2024-02-13
352,498.0,16,22.36,2024-08-05
353,264.71,9,15.74,2023-11-21
354,458.14,18,54.37,2024-01-21
355,346.04,12,42.86,2024-04-28
356,289.89,9,76.52,2024-07-13
357,140.57,18,60.89,2023-11-02
358,63.16,5,43.83,2023-12-12
359,348.22,4,49.92,2023-10-14
360,149.91,8,49.3,2023-10-10
361,404.76,1,63.34,2024-05-02
362,285.14,6,17.21,2024-03-04
363,380.26,12,87.28,2024-02-13
364,443.87,7,60.55,2024-03-30
365,291.8,14,31.22,2024-07-15
366,378.69,14,109.57,2024-09-08
367,258.74,12,113.19,2024-02-28
368,467.4,12,54.28,2023-11-18
369,282.65,15,23.93,2024-06-05
370,74.53,1,62.18,2024-07-30
371,337.21,9,61.38,2023-11-13
372,199.7,13,34.22,2024-01-16
373,441.18,12,85.61,2023-12-21
374,409.78,15,98.73,2024-06-18
375,194.56,7,40.68,2023-12-23
376,114.34,7,45.02,2024-02-17
377,444.38,15,28.71,2024-04-29
378,174.63,17,25.25,2023-12-18
379,62.54,2,87.6,2023-12-15
380,319.91,12,78.94,2023-12-21
381,266.62,4,56.15,2024-05-26
382,368.53,7,49.66,2024-04-27
383,110.72,19,19.3,2024-02-22
384,128.95,10,50.92,2024-01-10
385,54.32,3,100.29,2024-07-22
386,395.1,14,38.18,2024-09-05
387,380.48,16,66.09,2024-07-28
388,290.84,6,66.71,2023-12-25
389,385.23,5,31.17,2023-09-24
390,221.28,14,111.12,2024-02-11
391,234.38,2,41.43,2023-10-03
392,77.85,4,42.28,2024-01-30
393,223.75,5,118.67,2024-03-15
394,190.92,6,13.72,2023-12-24
395,451.69,7,36.44,2024-08-01
396,415.39,8,53.74,2024-05-15
397,121.64,14,72.25,2023-11-13
398,203.33,9,43.2,2024-08-28
399,262.34,13,33.71,2024-03-01
400,499.35,1,67.54,2024-07-30
401,361.23,5,23.14,2024-02-17
402,212.53,1,51.51,2024-05-23
403,79.93,13,47.95,2024-06-06
404,278.64,18,23.52,2024-05-26
405,337.03,15,67.15,2023-09-23
406,407.0,14,109.38,2024-08-25
407,219.81,12,29.91,2024-06-12
408,188.09,3,27.44,2024-07-24
409,144.73,4,76.75,2023-12-11
410,178.99,19,103.62,2024-07-10
411,431.49,16,21.4,2024-05-09
412,170.23,1,62.04,2023-12-18
413,68.86,13,12.39,2023-11-29
414,376.11,2,34.06,2023-09-27
415,60.81,2,13.79,2024-08-13
416,400.59,5,115.65,2024-02-14
417,144.89,1,18.76,2024-05-13
418,230.38,16,89.82,2024-04-11
419,182.73,17,13.41,2024-02-08
420,256.51,18,21.09,2024-02-11
421,374.41,19,43.04,2024-07-23
422,136.74,4,45.15,2024-05-12
423,497.31,1,48.48,2023-11-21
424,206.42,14,102.64,2023-12-30
425,448.41,8,50.39,2024-04-15
426,101.76,18,96.97,2024-01-11
427,297.18,17,92.88,2024-04-02
428,92.15,6,102.22,2024-02-07
429,357.45,19,74.86,2024-05-05
430,211.58,11,25.54,2024-08-14
431,70.45,19,14.18,2024-01-03
432,329.37,12,71.6,2023-12-27
433,395.11,6,80.09,2024-09-14
434,123.93,12,118.68,2024-04-26
435,135.39,5,75.79,2024-09-07
436,449.41,16,42.25,2024-02-13
437,369.14,11,117.95,2024-07-27
438,121.68,9,108.75,2024-03-12
439,481.77,9,108.69,2023-09-23
440,416.98,12,69.05,2023-11-23
441,337.44,16,21.38,2024-05-28
442,473.05,15,23.64,2023-09-25
443,495.26,3,69.84,2024-05-11
444,110.89,11,69.29,2024-01-23
445,432.8,16,34.49,2024-09-03
446,416.3,13,115.44,2024-09-10
447,99.88,1,49.32,2024-09-05
448,357.54,17,93.12,2024-01-30
449,156.03,4,34.44,2024-06-14
450,344.9,7,115.65,2024-02-07
451,135.22,4,66.09,2024-06-29
452,484.55,15,57.86,2023-09-20
453,419.63,16,87.0,2024-05-14
454,88.69,10,42.94,2024-07-14
455,493.93,13,55.26,2024-05-18
456,183.68,10,104.46,2024-01-11
457,472.12,10,38.14,2023-12-22
458,121.03,18,44.69,2024-06-16
459,212.51,4,49.61,2024-09-01
460,133.81,2,74.22,2024-03-10
461,319.28,16,90.73,2024-01-01
462,478.01,1,112.48,2023-11-17
463,183.64,8,35.89,2023-11-21
464,227.92,12,12.67,2024-09-13
465,118.68,7,30.25,2023-10-26
466,414.08,18,68.24,2024-01-22
467,107.87,13,15.86,2024-06-08
468,52.9,12,111.37,2024-05-17
469,138.4,1,55.05,2024-05-03
470,498.51,8,53.84,2024-02-25
471,61.98,9,36.57,2024-03-10
472,224.92,17,59.85,2024-04-26
473,90.86,3,23.09,2024-08-22
474,211.08,10,23.57,2023-09-19
475,157.57,3,26.38,2023-12-29
476,360.93,15,11.61,2023-12-11
477,218.34,12,41.87,2024-07-08
478,205.95,13,76.18,2024-04-26
479,383.75,12,53.62,2024-09-10
480,320.04,4,84.28,2023-10-04
481,198.45,2,33.68,2023-12-30
482,339.06,8,21.06,2024-04-28
483,258.07,16,118.46,2023-11-26
484,237.59,8,102.7,2024-01-26
485,206.8,6,31.7,2023-12-11
486,52.63,1,98.57,2024-07-07
487,324.63,12,119.17,2024-04-18
488,332.02,13,38.66,2024-08-11
489,231.61,10,82.53,2023-10-03
490,423.25,4,105.97,2024-06-26
491,469.98,4,107.21,2024-07-04
492,96.58,12,15.13,2024-07-08
493,439.31,11,114.25,2023-11-07
494,253.02,6,105.97,2024-03-13
495,355.93,10,110.25,2024-02-14
496,335.62,12,28.06,2024-04-12
497,273.74,11,60.09,2024-01-20
498,286.85,2,16.67,2024-01-25
499,437.86,10,47.92,2024-04-03
500,230.25,10,88.06,2023-10-08
501,182.27,1,15.29,2023-10-26
502,94.37,7,114.07,2024-03-13
503,158.53,4,10.9,2024-08-01
504,110.75,19,23.53,2024-09-06
505,374.36,19,10.46,2023-10-20
506,265.48,13,96.94,2024-07-26
507,98.96,18,44.25,2023-09-27
508,348.41,16,114.83,2023-10-18
509,482.02,12,51.94,2024-02-20
510,162.8,15,67.26,2024-08-14
511,427.15,7,104.37,2023-10-31
512,469.28,12,56.31,2024-07-04
513,293.68,15,94.76,2024-04-03
514,170.1,8,16.3,2023-11-16
515,294.38,16,55.93,2024-06-08
516,128.58,3,68.43,2024-03-21
517,69.37,2,35.46,2024-07-29
518,297.89,4,74.56,2024-05-08
519,155.5,4,87.49,2024-01-12
520,371.82,16,26.74,2023-12-08
521,141.19,5,114.24,2024-05-23
522,401.25,10,33.1,2024-01-10
523,291.94,4,31.04,2023-12-19
524,264.6,17,31.42,2023-09-30
525,299.69,18,85.27,2023-12-08
526,234.4,15,62.73,2024-04-07
527,79.29,17,83.57,2024-08-09
528,139.15,3,94.26,2023-10-16
529,314.01,9,21.21,2024-08-05
530,494.65,19,79.94,2024-01-10
531,405.06,12,53.52,2024-03-26
532,157.78,7,18.3,2024-04-22
533,105.55,10,51.24,2023-09-21
534,455.12,19,82.1,2023-11-24
535,122.87,1,16.6,2024-04-27
536,176.71,6,77.82,2024-09-12
537,343.86,12,21.71,2024-01-21
538,298.42,4,85.03,2024-01-21
539,65.92,4,101.88,2024-02-13
540,190.34,18,87.18,2023-12-31
541,289.46,12,115.37,2024-06-15
542,400.54,1,64.19,2024-07-26
543,253.52,2,84.71,2024-03-15
544,403.95,16,31.77,2024-02-20
545,343.14,3,101.24,2024-05-22
546,143.87,17,72.32,2024-02-27
547,431.97,1,53.78,2023-10-23
548,356.98,15,11.52,2024-06-22
549,432.9,15,93.36,2024-01-16
550,433.59,13,18.24,2024-06-12
551,304.94,4,80.02,2024-08-22
552,294.96,8,114.86,2024-03-18
553,71.53,6,99.03,2024-03-23
554,491.15,18,25.54,2024-03-19
555,493.42,14,112.5,2024-08-19
556,92.68,14,117.69,2024-04-19
557,340.23,8,52.39,2023-12-10
558,73.58,8,61.08,2023-11-02
559,230.27,1,23.26,2023-10-21
560,141.4,3,29.51,2024-05-30
561,285.14,14,58.5,2023-10-23
562,281.42,6,24.61,2023-10-30
563,402.47,4,51.22,2024-02-18
564,68.2,15,12.51,2023-12-31
565,83.62,1,78.52,2024-07-08
566,321.31,16,102.23,2024-06-10
567,190.7,7,71.95,2024-04-11
568,415.97,1,99.32,2023-10-25
569,173.47,9,73.48,2024-03-04
570,442.25,9,59.25,2024-06-19
571,343.85,14,69.59,2023-12-07
572,464.78,14,10.07,2024-01-13
573,351.19,16,26.35,2023-10-19
574,78.97,3,44.14,2023-09-18
575,231.76,7,113.49,2023-10-25
576,222.06,17,55.89,2023-12-04
577,127.49,10,111.12,2024-05-02
578,439.62,8,19.25,2023-12-19
579,342.9,11,98.02,2023-11-29
580,452.22,11,83.14,2024-01-16
581,137.73,7,64.75,2023-11-18
582,266.45,11,37.24,2024-06-17
583,136.9,18,113.06,2024-08-27
584,465.57,13,90.89,2024-08-27
585,445.6,14,48.25,2023-11-04
586,79.93,19,113.94,2024-03-31
587,486.64,5,61.29,2024-08-31
588,435.57,8,44.47,2024-06-23
589,89.61,13,81.03,2024-08-04
590,102.55,19,98.51,2024-05-10
591,459.92,18,18.85,2024-02-27
592,331.55,18,71.05,2024-03-01
593,460.74,13,103.04,2024-03-17
594,453.22,18,84.78,2024-06-10
595,401.28,8,19.33,2024-01-09
596,127.09,13,76.86,2024-01-27
597,52.61,10,26.12,2024-07-31
598,372.41,17,116.3,2024-03-03
599,357.28,19,97.74,2024-06-30
600,451.04,11,27.67,2023-10-06
601,91.71,7,61.17,2023-11-17
602,163.57,17,18.95,2024-02-01
603,299.44,19,79.27,2024-09-06
604,224.09,13,111.87,2024-09-13
605,120.66,11,60.62,2024-05-31
606,448.33,8,84.02,2024-07-22
607,370.74,9,26.02,2024-05-04
608,205.51,19,61.25,2023-11-11
609,85.85,5,80.34,2023-11-23
610,207.61,4,24.46,2024-01-22
611,455.56,19,61.09,2024-01-23
612,85.52,9,24.25,2024-03-12
613,280.18,15,22.42,2024-03-16
614,51.05,13,86.74,2023-11-22
615,489.0,16,41.0,2024-02-29
616,397.65,18,18.46,2024-07-20
617,163.75,11,95.2,2024-03-07
618,188.71,17,71.09,2023-11-17
619,347.03,12,85.58,2024-01-05
620,129.39,16,64.34,2024-03-18
621,324.4,5,103.7,2024-09-09
622,206.21,18,119.97,2024-07-21
623,152.48,5,107.1,2024-04-22
624,235.37,5,77.93,2024-06-01
625,241.84,11,14.74,2024-02-06
626,165.45,9,26.57,2023-10-10
627,412.01,8,37.67,2024-02-28
628,103.78,19,20.8,2024-07-25
629,388.56,17,65.98,2024-07-25
630,347.91,7,36.67,2024-03-24
631,265.54,14,38.21,2024-04-21
632,267.15,15,55.78,2024-04-22
633,362.1,8,20.93,2024-04-24
634,150.25,13,29.82,2024-08-27
635,349.35,14,112.67,2024-08-30
636,427.49,2,69.61,2023-12-10
637,93.74,6,83.44,2023-09-24
638,427.24,12,113.36,2024-09-01
639,141.93,8,90.63,2023-10-23
640,163.7,3,58.49,2024-07-26
641,206.78,10,11.64,2024-04-26
642,119.2,5,46.52,2024-04-06
643,109.32,18,84.65,2024-01-02
644,86.58,15,68.68,2024-08-19
645,432.5,18,53.81,2023-09-29
646,469.49,12,81.16,2024-02-19
647,214.1,5,65.42,2024-01-09
648,228.23,7,113.0,2024-08-09
649,351.0,9,88.28,2024-03-10
650,331.85,9,53.51,2023-11-30
651,353.68,7,22.99,2024-04-01
652,185.45,11,53.99,2024-01-07
653,294.12,13,13.85,2023-12-15
654,242.34,5,74.33,2023-12-14
655,218.22,15,117.76,2024-01-31
656,272.77,19,83.51,2024-01-12
657,374.9,14,13.12,2023-12-24
658,210.55,3,74.84,2024-02-15
659,263.31,6,42.67,2024-06-11
660,494.59,16,99.7,2024-06-04
661,428.66,19,90.88,2024-06-13
662,194.63,10,37.0,2023-10-18
663,194.35,12,15.58,2023-11-22
664,210.34,6,78.24,2023-11-14
665,469.11,6,31.9,2024-04-26
666,332.32,11,23.53,2024-03-25
667,155.56,14,81.78,2024-04-22
668,457.4,3,16.15,2024-07-27
669,363.4,8,34.34,2023-10-21
670,206.3,18,18.65,2023-12-17
671,69.79,13,58.91,2024-09-03
672,113.86,3,17.1,2024-08-22
673,184.02,15,25.44,2024-03-05
674,458.27,16,29.99,2024-05-03
675,176.44,11,76.4,2024-02-10
676,445.99,4,90.98,2023-10-15
677,475.73,15,17.74,2024-02-11
678,131.7,7,67.71,2024-06-15
679,141.35,18,100.4,2024-03-17
680,128.23,14,94.49,2024-08-09
681,331.62,4,56.42,2024-08-29
682,432.71,7,115.28,2024-08-04
683,223.85,13,90.82,2023-10-28
684,483.66,13,46.51,2024-06-11
685,199.95,19,12.33,2024-06-18
686,201.81,8,74.76,2023-12-20
687,308.47,19,97.74,2024-05-13
688,401.75,1,98.97,2023-10-22
689,431.69,9,34.88,2023-11-18
690,360.79,16,11.08,2024-08-24
691,244.4,8,60.2,2023-11-25
692,299.94,11,20.67,2024-06-02
693,444.2,5,89.91,2024-05-30
694,220.43,16,65.25,2023-09-25
695,112.22,15,109.14,2024-01-26
696,358.11,6,114.4,2023-12-06
697,450.87,2,26.86,2023-12-01
698,220.07,6,84.35,2023-10-12
699,462.45,15,85.62,2024-04-07
700,81.88,14,107.74,2023-10-01
701,351.69,7,56.57,2024-03-18
702,318.83,9,25.45,2023-10-28
703,50.63,16,13.51,2024-07-27
704,150.25,4,82.48,2024-04-20
705,243.34,6,93.52,2024-04-12
706,401.81,9,54.72,2024-04-03
707,255.96,12,79.82,2024-07-06
708,75.69,2,114.06,2024-07-27
709,264.38,13,82.89,2023-10-03
710,350.81,17,59.61,2024-07-30
711,132.74,11,78.68,2024-03-29
712,117.16,8,117.84,2024-07-09
713,435.87,16,79.09,2024-01-20
714,183.47,6,89.87,2024-01-02
715,119.48,11,70.36,2024-03-16
716,469.56,10,85.63,2023-11-05
717,130.55,1,59.62,2023-11-16
718,296.14,13,65.03,2023-11-09
719,176.42,8,52.36,2024-06-26
720,166.47,13,67.17,2023-10-20
721,346.78,13,54.2,2024-08-18
722,86.66,5,17.71,2024-08-27
723,402.03,11,52.04,2023-09-20
724,272.66,11,75.01,2024-03-23
725,106.69,19,36.71,2024-04-20
726,103.09,13,105.15,2023-11-27
727,203.26,6,56.68,2023-12-31
728,136.98,12,81.72,2024-08-08
729,206.71,16,41.91,2024-07-14
730,429.4,15,85.65,2023-12-28
731,477.78,3,81.79,2024-04-27
732,250.16,14,22.23,2024-05-21
733,208.68,4,27.85,2024-01-10
734,83.09,19,83.86,2024-03-31
735,499.25,17,21.62,2024-04-16
736,451.25,4,66.92,2024-03-26
737,302.84,7,68.54,2024-06-03
738,371.9,16,23.89,2024-03-09
739,63.69,1,80.3,2024-02-18
740,189.54,5,43.87,2024-02-21
741,419.24,14,24.69,2024-01-10
742,272.96,10,71.34,2024-02-01
743,92.9,6,68.36,2024-07-26
744,228.65,16,89.82,2024-05-04
745,173.19,11,72.65,2024-05-28
746,206.3,6,60.9,2023-09-20
747,111.81,4,60.1,2023-09-27
748,356.22,13,111.47,2024-08-06
749,451.39,3,71.78,2024-02-09
750,221.06,6,68.19,2023-10-06
751,395.44,11,80.5,2024-06-09
752,240.39,17,87.43,2023-10-06
753,266.35,11,76.14,2024-07-12
754,256.81,5,24.46,2023-10-16
755,333.04,6,108.26,2024-08-02
756,435.52,13,37.06,2023-11-18
757,403.81,1,118.76,2024-03-28
758,273.79,18,32.92,2024-04-18
759,330.2,5,63.61,2024-04-11
760,282.62,16,39.21,2024-02-22
761,487.09,15,37.01,2024-08-23
762,230.5,8,23.02,2024-02-04
763,308.91,18,21.92,2024-02-19
764,417.21,14,104.72,2023-10-13
765,82.44,6,45.08,2024-01-27
766,83.18,18,117.66,2023-09-21
767,75.38,9,66.78,2024-08-10
768,245.09,8,22.5,2024-09-14
769,434.14,17,91.58,2023-12-19
770,371.91,11,44.86,2023-11-14
771,414.43,5,57.9,2024-05-22
772,275.38,2,98.61,2024-04-05
773,208.59,8,93.09,2024-04-16
774,466.9,1,94.1,2024-03-25
775,171.19,15,103.94,2024-05-08
776,50.11,16,40.38,2024-07-24
777,351.67,18,88.05,2024-08-20
778,463.37,18,30.6,2024-05-31
779,77.96,10,46.5,2024-07-21
780,373.09,19,118.68,2024-03-31
781,186.36,13,57.48,2024-03-07
782,88.72,8,46.63,2023-10-20
783,370.72,2,108.17,2024-02-19
784,249.29,3,105.97,2024-07-08
785,268.51,18,72.32,2024-05-02
786,271.56,13,26.13,2024-01-21
787,74.26,6,92.25,2023-11-30
788,396.88,10,58.29,2024-02-01
789,315.01,2,110.78,2024-02-23
790,183.54,15,77.19,2023-10-09
791,421.84,16,45.83,2023-11-22
792,465.84,7,55.62,2024-09-03
793,356.53,19,89.16,2023-09-24
794,419.35,14,107.49,2024-02-06
795,139.67,14,58.0,2023-09-23
796,232.41,12,91.67,2023-11-28
797,176.67,13,48.56,2023-12-04
798,272.18,16,26.23,2023-11-18
799,80.98,19,63.32,2023-10-02
800,159.21,1,45.68,2023-12-31
801,165.95,10,26.04,2024-06-11
802,61.4,8,95.17,2024-02-14
803,444.29,2,113.65,2024-06-28
804,403.54,3,51.7,2024-05-02
805,176.23,4,116.26,2024-08-21
806,56.95,2,29.65,2024-09-01
807,62.46,8,47.58,2023-09-28
808,338.13,3,115.39,2024-02-12
809,227.77,9,46.6,2023-09-25
810,401.55,7,50.98,2023-12-20
811,484.99,13,18.95,2023-10-20
812,433.86,1,119.8,2024-07-19
813,433.47,16,90.35,2023-10-22
814,321.08,8,91.23,2023-09-30
815,216.02,17,59.93,2023-11-08
816,489.77,11,43.8,2023-11-15
817,465.32,19,111.65,2024-02-02
818,299.16,17,19.86,2023-11-03
819,437.78,2,114.46,2023-12-01
820,77.87,16,39.11,2024-06-09
821,341.94,13,61.48,2024-04-17
822,299.19,7,96.5,2023-12-17
823,77.69,8,104.71,2023-12-26
824,342.7,2,74.46,2023-11-13
825,284.52,3,90.37,2024-01-17
826,433.42,14,36.18,2024-02-16
827,58.99,5,10.22,2024-04-28
828,462.92,6,100.56,2023-12-11
829,410.1,2,115.0,2023-12-02
830,330.69,6,73.45,2024-02-07
831,196.24,19,106.99,2023-12-12
832,331.29,7,22.57,2024-02-11
833,380.15,14,113.24,2023-12-09
834,104.3,17,75.35,2023-12-29
835,408.66,15,96.95,2024-02-13
836,362.56,5,48.71,2024-03-10
837,412.54,11,10.79,2024-01-14
838,373.39,6,31.99,2024-06-14
839,354.46,10,47.71,2024-03-05
840,468.09,9,26.03,2024-05-21
841,470.1,5,79.5,2024-05-30
842,241.05,3,34.17,2023-11-22
843,364.43,5,87.81,2024-06-19
844,450.88,1,23.35,2024-05-12
845,115.32,6,93.03,2024-06-01
846,289.42,1,62.55,2023-10-31
847,341.73,2,89.14,2023-12-05
848,442.69,18,41.92,2024-01-05
849,381.35,11,96.8,2024-04-10
850,114.38,7,101.88,2024-01-18
851,436.66,15,119.2,2023-12-12
852,156.54,10,12.76,2023-11-01
853,285.17,4,71.0,2023-09-20
854,229.91,1,12.37,2024-07-02
855,284.23,8,94.94,2023-11-05
856,78.2,4,57.0,2024-09-13
857,203.86,11,48.49,2024-05-05
858,284.33,8,50.55,2023-12-26
859,151.91,6,29.75,2023-12-09
860,324.4,17,58.63,2023-12-24
861,231.95,15,103.44,2024-06-10
862,105.75,19,18.29,2024-09-12
863,282.97,18,85.87,2023-10-27
864,242.39,2,21.08,2024-03-12
865,489.59,7,28.4,2024-02-25
866,348.89,3,21.49,2023-10-01
867,130.24,11,81.8,2024-04-14
868,471.81,4,76.74,2023-11-16
869,232.14,15,92.27,2024-03-26
870,353.88,9,94.13,2024-07-17
871,311.21,5,109.25,2024-06-11
872,395.8,17,102.3,2023-11-10
873,488.26,7,20.03,2024-06-17
874,357.75,4,62.41,2024-01-13
875,474.18,14,61.28,2024-06-12
876,397.44,16,68.75,2024-02-20
877,280.93,6,97.23,2023-10-20
878,269.01,2,70.16,2024-08-09
879,60.39,18,17.41,2024-05-15
880,303.04,15,24.5,2024-05-24
881,262.39,18,104.48,2024-06-06
882,424.06,1,110.26,2023-09-25
883,341.32,2,15.7,2024-01-18
884,389.28,13,69.73,2024-03-16
885,74.24,10,62.08,2024-03-23
886,136.05,5,67.8,2024-07-07
887,459.63,17,64.87,2024-03-10
888,477.76,4,19.53,2024-02-18
889,345.8,17,22.47,2024-07-05
890,391.23,19,13.61,2023-12-19
891,121.54,14,85.52,2024-04-11
892,204.3,1,80.47,2024-07-29
893,371.42,15,82.63,2024-09-01
894,370.26,12,106.67,2024-07-03
895,445.41,12,114.67,2024-08-04
896,377.88,8,69.76,2024-08-27
897,493.78,13,110.08,2023-11-20
898,371.98,2,107.23,2023-10-15
899,83.97,6,89.01,2023-12-27
900,129.4,1,39.74,2023-10-12
901,93.86,18,58.69,2023-10-29
902,230.99,5,29.26,2024-03-20
903,323.08,5,32.4,2024-03-03
904,414.53,1,80.45,2024-02-19
905,267.86,16,37.9,2024-01-17
906,105.58,10,62.54,2024-05-30
907,412.47,2,54.21,2024-09-05
908,228.36,12,68.63,2023-10-08
909,425.71,7,39.4,2024-02-27
910,498.98,15,33.62,2023-10-07
911,109.67,2,76.69,2024-01-11
912,462.35,17,40.92,2023-10-25
913,437.86,4,82.1,2024-07-19
914,368.15,5,118.48,2024-05-13
915,444.66,5,20.78,2024-09-11
916,422.46,17,66.61,2024-06-21
917,89.48,8,94.6,2023-11-19
918,121.52,18,77.64,2023-11-16
919,476.69,19,97.92,2023-12-17
920,287.43,15,88.21,2024-05-29
921,466.57,4,101.53,2023-12-11
922,483.0,19,98.97,2024-02-18
923,221.18,6,103.92,2024-03-17
924,193.99,19,48.69,2024-09-04
925,142.52,17,80.18,2024-02-21
926,456.04,4,92.43,2024-02-05
927,483.34,11,93.84,2024-01-11
928,84.38,5,93.93,2024-04-10
929,460.26,18,58.04,2024-06-12
930,445.23,4,86.57,2023-11-11
931,404.75,19,79.31,2023-12-05
932,240.56,11,16.61,2023-10-28
933,324.82,15,66.88,2024-09-03
934,56.68,10,31.43,2023-11-17
935,201.54,11,16.29,2024-06-25
936,50.09,1,71.65,2024-06-05
937,126.37,18,101.19,2024-02-18
938,241.38,15,91.81,2024-08-25
939,236.88,18,89.34,2023-10-30
940,93.35,15,28.33,2023-10-15
941,140.32,13,30.17,2024-04-29
942,368.74,15,90.48,2024-01-03
943,184.13,7,104.1,2024-01-07
944,375.81,2,70.55,2024-08-16
945,415.25,9,78.93,2024-07-11
946,203.28,16,45.64,2023-12-05
947,223.99,15,101.21,2024-07-23
948,224.87,7,95.69,2024-04-16
949,291.85,3,12.01,2024-04-10
950,302.46,6,69.25,2024-04-20
951,357.48,8,30.85,2024-04-22
952,331.43,13,97.34,2024-01-22
953,94.8,2,61.33,2023-09-30
954,210.96,15,60.21,2023-12-25
955,119.04,13,95.62,2023-09-28
956,239.4,6,66.28,2024-03-31
957,453.55,6,103.73,2024-06-30
958,108.94,7,111.74,2024-07-25
959,496.09,3,56.58,2024-08-26
960,218.23,6,48.29,2024-05-13
961,69.93,12,26.8,2023-10-29
962,290.82,16,71.23,2023-09-30
963,181.89,17,67.21,2024-02-02
964,307.93,13,118.26,2024-07-28
965,339.21,10,58.56,2023-10-06
966,335.71,14,66.59,2023-10-12
967,190.32,10,37.18,2024-08-14
968,415.79,14,51.37,2023-12-03
969,452.47,16,92.65,2023-09-23
970,306.38,9,32.17,2024-06-12
971,325.01,14,22.05,2024-07-27
972,400.94,15,108.79,2023-11-07
973,230.43,4,53.11,2024-03-25
974,457.28,1,86.08,2024-02-22
975,240.09,4,60.47,2024-06-18
976,221.24,3,107.52,2024-02-03
977,400.59,3,11.6,2023-12-21
978,443.55,6,31.31,2023-11-19
979,361.76,16,103.16,2024-08-23
980,425.29,6,70.83,2024-01-09
981,273.38,18,37.07,2024-03-11
982,65.42,13,91.3,2024-02-14
983,116.95,13,86.5,2024-07-22
984,331.13,3,85.09,2024-09-14
985,354.55,7,69.79,2024-04-18
986,188.16,1,47.13,2024-04-21
987,105.26,2,67.97,2023-12-14
988,456.92,2,28.98,2024-04-08
989,124.28,10,18.72,2023-12-03
990,67.38,18,115.85,2024-03-30
991,153.51,19,49.85,2024-05-09
992,153.36,10,54.71,2023-10-04
993,99.35,14,71.25,2024-07-28
994,123.2,17,99.95,2023-10-21
995,231.3,1,90.84,2024-08-17
996,349.32,10,48.1,2024-01-28
997,273.65,17,81.61,2023-11-13
998,265.02,17,13.86,2024-05-16
999,456.75,2,37.62,2024-08-29
1000,353.98,17,46.59,2023-10-31
